<?xml version="1.0" encoding="UTF-8"?>
<PaymentInfo>
<Payment id="1"><PaymentMethod>Cash</PaymentMethod><Amount>20.0</Amount><MetroCardNumber>123456</MetroCardNumber><PhoneNumber>4388888888</PhoneNumber><PaidDate>2023-04-10 04:36:23</PaidDate></Payment><Payment id="2"><PaymentMethod>Credit</PaymentMethod><Amount>50.0</Amount><MetroCardNumber>123456</MetroCardNumber><PhoneNumber>4388888888</PhoneNumber><PaidDate>2023-04-10 04:36:32</PaidDate></Payment><Payment id="3"><PaymentMethod>Debit</PaymentMethod><Amount>100.0</Amount><MetroCardNumber>123456</MetroCardNumber><PhoneNumber>4388888888</PhoneNumber><PaidDate>2023-04-10 04:36:40</PaidDate></Payment><Payment id="4"><PaymentMethod>Mobile</PaymentMethod><Amount>200.0</Amount><MetroCardNumber>123456</MetroCardNumber><PhoneNumber>4388888888</PhoneNumber><PaidDate>2023-04-10 04:36:46</PaidDate></Payment></PaymentInfo>